clockTime,deltaTime,position,useLinearMotion
0,1,200,0
1,0.5,100,0
1.5,0.05,100,1
1.55,0.05,98.4798767978825,1
1.6,0.05,88.68749396187,1
1.65,0.05,81.8163135977485,1
1.7,0.05,62.5976801698619,1
1.75,0.05,53,1
1.8,0.05,31.6959807323672,1
1.85,0.05,23.0377883685012,1
1.9,0.05,7.78579452437522,1
1.95,0.05,3.37422516836717,1
2,0.05,3.30654635769785e-15,1
