clockTime,deltaTime,position,useLinearMotion
0,1,200,0
1,0.5,100,0
1.5,0.05,100,1
1.55,0.05,98.1708598035076,1
1.6,0.05,89.2752792141624,1
1.65,0.05,81.0072966033735,1
1.7,0.05,63.5487366861571,1
1.75,0.05,52,1
1.8,0.05,32.6470372486623,1
1.85,0.05,22.2287713741262,1
1.9,0.05,8.37357977666769,1
1.95,0.05,3.06520817399222,1
